{"cameraMode":{"drawMode":0,"name":"Shaded","section":"Shading Mode"},"sceneLighting":false,"audioPlay":false,"sceneViewState":{"m_AlwaysRefresh":false,"showFog":true,"showSkybox":false,"showFlares":true,"showImageEffects":true,"showParticleSystems":true,"showVisualEffectGraphs":true,"m_FxEnabled":true},"in2DMode":false,"pivot":{"x":0.10939382016658783,"y":-0.49844789505004885,"z":7.957343578338623},"rotation":{"x":0.2258877158164978,"y":0.32830938696861269,"z":-0.08117784559726715,"w":0.9135627746582031},"size":1.1571882963180543,"orthographic":false}