{"cameraMode":{"drawMode":0,"name":"Shaded","section":"Shading Mode"},"sceneLighting":true,"audioPlay":false,"sceneViewState":{"m_AlwaysRefresh":false,"showFog":true,"showSkybox":true,"showFlares":true,"showImageEffects":true,"showParticleSystems":true,"showVisualEffectGraphs":true,"m_FxEnabled":true},"in2DMode":false,"pivot":{"x":2.2250003814697267,"y":4.554838180541992,"z":3.0780868530273439},"rotation":{"x":-0.04490743204951286,"y":0.9493674635887146,"z":-0.15984930098056794,"w":-0.2667188346385956},"size":12.124356269836426,"orthographic":false}