{"cameraMode":{"drawMode":0,"name":"Shaded","section":"Shading Mode"},"sceneLighting":false,"audioPlay":false,"sceneViewState":{"m_AlwaysRefresh":false,"showFog":true,"showSkybox":true,"showFlares":true,"showImageEffects":true,"showParticleSystems":true,"showVisualEffectGraphs":true,"m_FxEnabled":true},"in2DMode":false,"pivot":{"x":-37.24632263183594,"y":0.44797706604003909,"z":31.834671020507814},"rotation":{"x":-0.21502211689949037,"y":0.6995337009429932,"z":-0.23518022894859315,"w":-0.6396402716636658},"size":38.22842025756836,"orthographic":false}