{"cameraMode":{"drawMode":0,"name":"Shaded","section":"Shading Mode"},"sceneLighting":false,"audioPlay":false,"sceneViewState":{"m_AlwaysRefresh":false,"showFog":true,"showSkybox":false,"showFlares":true,"showImageEffects":true,"showParticleSystems":true,"showVisualEffectGraphs":true,"m_FxEnabled":true},"in2DMode":false,"pivot":{"x":-0.8948959708213806,"y":0.3428652286529541,"z":12.445972442626954},"rotation":{"x":-0.26029258966445925,"y":-0.0225982666015625,"z":0.006093702279031277,"w":-0.9652484655380249},"size":0.36094561219215395,"orthographic":false}